InvoiceNo,StockCode,Description,Quantity,InvoiceDate,UnitPrice,CustomerID,Country
71467,mL209,Arrive Window,35,2024-07-17,72.9,12,Fiji
15066,Ll688,Line Actually,31,2024-01-28,42.15,74,Saint Barthelemy
44703,Ae358,Girl Two,21,2023-08-20,16.32,33,United States Minor Outlying Islands
71939,Ya034,Recently Bill,10,2024-08-23,23.82,95,Saint Helena
18812,qo515,Upon Ready,16,2025-04-28,52.76,79,Qatar
45934,eA168,Threat Others,31,2024-09-21,79.42,87,Congo
76734,Sw393,Middle Daughter,36,2023-10-24,29.94,38,Norway
67086,CQ851,Specific Organization,22,2024-03-10,27.15,71,Zambia
45812,FG270,Hotel See,44,2024-01-04,95.7,23,Costa Rica
45701,EO264,Person Remain,18,2023-09-18,45.19,48,Norfolk Island
14069,dK085,Mean Discussion,17,2025-02-09,93.82,47,Kiribati
39512,Au037,Heavy Method,20,2025-07-03,71.44,43,Sweden
65113,ue099,Kind Drug,13,2023-08-15,27.26,42,Botswana
49554,bP282,Staff Building,25,2024-09-07,19.75,22,Guatemala
23356,vC029,Letter Mention,12,2025-08-03,36.93,50,Chad
97146,Xv646,Left Sister,33,2024-01-10,86.57,21,Zimbabwe
88268,Rb461,Program Inside,12,2023-10-01,48.42,5,Libyan Arab Jamahiriya
52225,ho856,Medical Certainly,2,2024-01-24,6.61,2,Reunion
99167,ZA061,Window To,36,2024-07-31,13.57,14,Botswana
70297,WV665,Lay Certain,19,2024-04-23,62.3,55,Norfolk Island
94811,le415,Movie Money,4,2024-05-08,83.0,31,Guinea
10949,ax859,War Rather,41,2024-01-27,89.03,73,Saint Barthelemy
23358,za192,Own Source,38,2025-06-25,3.6,23,Faroe Islands
97348,fQ133,Since Little,29,2024-12-08,1.55,89,Algeria
20609,lN528,Lose Difficult,37,2025-01-07,4.92,95,El Salvador
50904,ae139,Whatever Though,30,2024-08-05,48.94,33,Uzbekistan
83569,KT935,Would Community,31,2024-08-20,52.49,67,French Polynesia
60988,RJ573,Serve For,14,2023-10-22,54.2,24,Saint Barthelemy
23454,NO458,Professional Develop,24,2024-03-06,87.61,47,Isle of Man
16167,QW157,Such Leave,8,2025-02-27,3.61,17,Aruba
12673,bQ507,Past Out,16,2025-03-19,44.92,77,Western Sahara
44808,Cz958,Enter Who,27,2024-01-23,31.89,24,Wallis and Futuna
70082,WC539,Western Commercial,32,2025-03-18,27.09,91,Tokelau
34690,RU596,Energy Three,24,2024-02-20,22.51,63,Bulgaria
28513,Zh116,Race Consumer,1,2024-08-08,36.66,52,Saudi Arabia
78458,He017,Activity Measure,35,2024-01-24,91.0,76,South Georgia and the South Sandwich Islands
34136,Zb271,Research Practice,4,2023-08-26,87.25,50,Mauritius
16454,ow259,Information Foot,26,2024-04-02,67.58,61,Namibia
23483,OA479,Protect Structure,25,2025-02-26,92.09,99,United Kingdom
67732,Za222,Rest Against,16,2024-09-08,44.51,14,United Arab Emirates
74583,rJ630,Want Same,12,2024-05-04,91.38,21,Anguilla
27143,Qf075,Stay Seem,46,2025-05-09,69.1,61,Senegal
52801,Yq927,Choice New,49,2025-06-14,64.83,74,Algeria
59366,LU095,Measure Plan,13,2025-06-26,56.71,69,Mongolia
24415,nB815,Professor I,22,2023-09-24,42.09,91,Falkland Islands (Malvinas)
27436,nL276,Discussion Affect,34,2024-06-11,19.49,63,Cook Islands
64844,Eh065,Bank Model,40,2024-08-09,35.75,13,Russian Federation
11152,jR392,Call History,23,2024-07-25,97.94,27,Bahrain
85934,Xi426,Network Happen,6,2024-04-19,96.75,31,Wallis and Futuna
64901,xD079,School Away,28,2023-12-05,8.52,84,Venezuela
59857,QH140,Money Contain,22,2025-01-09,47.81,85,Moldova
72327,rk416,Media Still,14,2025-07-10,15.27,85,Saint Barthelemy
20236,gJ812,She Executive,9,2025-01-21,95.41,69,Sierra Leone
40905,WJ431,What Letter,27,2024-04-22,13.36,44,Guam
69018,PR518,Check Wrong,31,2024-11-17,36.38,69,Mongolia
78737,pB502,Upon Explain,24,2025-05-24,62.53,66,South Africa
97252,mr574,Pattern Base,17,2024-01-14,75.14,78,Dominican Republic
65058,ao015,Speech Wife,23,2025-07-12,57.44,85,Bhutan
95519,wp130,Pay Third,37,2024-11-04,90.05,34,Swaziland
16920,dm410,Defense Thousand,10,2025-01-30,43.35,24,South Georgia and the South Sandwich Islands
86735,hN629,Set Team,13,2023-09-24,49.91,49,Seychelles
87969,ZF456,Idea School,4,2024-03-25,64.48,51,Lebanon
96490,RB165,Spend Bar,18,2025-06-07,67.5,70,Sierra Leone
41540,KI954,Here These,32,2024-10-12,31.34,83,Canada
61211,yg097,Prove Whole,14,2024-06-12,46.95,85,Mali
97640,su178,Avoid While,25,2023-10-11,51.38,17,Qatar
98891,Bg210,Serve End,18,2024-12-18,54.74,63,Benin
84894,Ym234,Dog Concern,23,2024-08-07,67.38,28,Austria
74798,Ls622,View Agency,22,2023-12-25,94.68,5,Poland
13636,LI874,Appear Rise,40,2025-06-01,23.2,30,Bahamas
52786,su046,Meeting Those,23,2025-03-19,38.14,2,Austria
81594,vI856,Environmental Environmental,10,2025-04-30,90.35,62,Romania
62936,NE849,Administration Movement,39,2024-06-16,90.92,17,Croatia
21447,eC734,Two Evening,16,2023-08-17,7.99,74,Haiti
72555,yb347,Night Teach,3,2024-05-15,4.46,25,Costa Rica
88975,bh848,Hundred Cup,13,2025-03-21,86.8,21,Dominican Republic
55248,Su686,Address Want,39,2023-12-20,18.43,55,Maldives
75405,qq592,Line Medical,31,2024-09-24,99.55,20,Iran
84433,Pn042,Close Suffer,46,2024-05-06,56.84,40,Gambia
88056,VJ977,Hundred Great,4,2024-09-19,47.14,96,Reunion
13412,Yu834,These Her,48,2025-06-01,10.09,73,Hong Kong
74379,jH401,Pm Continue,45,2025-07-12,91.11,82,Cook Islands
93430,SL121,Drive Go,36,2025-07-20,97.88,89,Faroe Islands
66406,SI156,Language Assume,26,2024-12-16,69.7,71,British Indian Ocean Territory (Chagos Archipelago)
84971,BD489,Purpose Though,28,2025-07-16,47.11,5,Andorra
11143,wK910,Not As,24,2023-08-31,9.41,43,Monaco
52281,fW981,Next In,7,2024-02-19,38.15,37,Seychelles
49067,nR249,List Behavior,14,2023-12-06,67.19,81,Northern Mariana Islands
97475,BJ354,Eye Talk,26,2024-09-09,3.23,82,Sierra Leone
25308,zJ875,Thought Not,20,2025-08-05,29.24,13,Egypt
17297,eq245,Work Now,24,2025-06-03,26.9,13,Uruguay
27593,OV296,Poor Example,18,2025-04-22,12.88,74,Montserrat
17559,vu453,Event Would,13,2025-05-07,59.15,66,Cape Verde
34787,zo335,Process Hold,43,2024-11-20,43.3,23,Iran
69200,zI962,Culture Team,36,2023-10-11,10.57,14,Italy
37412,bn181,Fill Top,14,2023-11-06,30.22,84,San Marino
55171,KH168,Environmental Treat,20,2023-11-21,85.54,89,Tokelau
22349,AO869,Party Generation,21,2025-05-17,53.89,9,Bosnia and Herzegovina
12820,dF711,Leave Leave,33,2024-09-28,54.93,47,Christmas Island
17877,tl855,Pay Save,2,2024-08-31,5.79,99,Andorra
99984,Tn630,Traditional Financial,13,2023-12-03,92.64,60,Belize
78339,Cv659,Behind Prove,38,2024-12-04,76.97,13,Isle of Man
47999,To007,Institution Career,5,2025-06-17,74.35,50,United Kingdom
65104,xU450,Party Executive,36,2023-09-23,59.49,77,Netherlands
22315,vG910,Find Sometimes,35,2023-11-08,37.47,39,Niger
57901,Uv464,Worry No,31,2024-12-15,64.02,82,Christmas Island
48431,ij660,Before Step,1,2024-12-11,52.33,12,Finland
53560,fe768,Whatever Commercial,14,2024-01-16,63.9,77,Syrian Arab Republic
69588,ky919,Ground Reason,17,2025-08-01,47.34,68,Israel
80264,TG140,Action Take,31,2024-04-01,48.02,59,Sweden
98909,Ou202,Marriage Before,2,2024-08-24,45.79,59,Reunion
32890,bw065,Wide Unit,20,2024-04-11,67.97,91,Tuvalu
20740,nm137,Arrive Easy,34,2023-09-03,30.17,88,Grenada
82794,OI577,Anyone Plan,29,2024-09-07,83.64,28,Saint Helena
13198,Ek969,Structure Even,20,2024-07-24,50.39,98,Bolivia
78484,mp544,Site Fight,15,2023-12-05,78.72,97,Cambodia
74364,ck873,Ball Expect,46,2024-06-19,15.07,55,French Guiana
19062,OG716,Operation Politics,37,2025-04-24,17.09,5,British Indian Ocean Territory (Chagos Archipelago)
62427,el275,Official Difficult,15,2024-06-30,88.42,34,Eritrea
79303,vi675,Line Two,11,2025-03-12,75.1,95,Bhutan
65672,Sr321,Technology Half,24,2025-04-05,75.46,81,Austria
47108,JG162,Minute Physical,10,2023-10-10,21.4,78,Myanmar
84451,yp120,Purpose Question,34,2024-04-24,31.3,49,Solomon Islands
59901,xB306,Respond Mouth,10,2023-11-30,69.84,37,Aruba
51834,tG629,Include Common,3,2024-01-08,82.79,44,Zambia
95776,Iq782,Difficult Center,47,2024-08-17,78.84,4,Iran
32999,DY615,My Provide,29,2024-03-15,71.75,25,Georgia
90514,gZ379,Science Realize,13,2024-09-21,74.1,84,Venezuela
96172,YW945,Congress Music,27,2024-08-30,54.48,18,Palestinian Territory
62570,QW801,Assume Major,5,2024-03-16,37.07,21,Belize
60199,he908,Nation Improve,45,2024-04-27,2.33,27,Slovakia (Slovak Republic)
52513,cc867,Way Feel,4,2024-03-27,33.62,22,Bosnia and Herzegovina
47492,om768,Civil Professional,16,2024-04-15,76.63,29,Hong Kong
39940,zP812,Poor Many,23,2025-02-17,74.07,90,American Samoa
13841,Tp726,Mother On,49,2024-11-23,5.38,37,Jersey
22473,YB664,Answer Run,48,2024-02-07,6.25,76,United Kingdom
63558,ay685,Sister Or,43,2024-03-17,88.97,17,Libyan Arab Jamahiriya
17921,hr199,Tough Benefit,45,2024-03-29,24.57,7,Chad
77840,ip983,Wife Avoid,8,2025-05-23,3.43,91,Armenia
80511,XD896,Look Dark,21,2025-05-21,3.81,16,Denmark
24460,mG246,Least Bank,13,2024-01-15,14.88,27,Seychelles
63520,wg933,Her Voice,34,2024-03-10,33.87,12,Monaco
21207,qD090,Care Teach,3,2024-01-03,55.4,26,French Southern Territories
76585,nY132,Other Economic,31,2024-09-02,35.61,95,Taiwan
40256,gi033,Player Answer,30,2024-02-21,6.74,19,Saint Barthelemy
48638,gd412,Situation Night,46,2024-07-19,24.66,61,Albania
91943,EZ226,Media Hotel,30,2024-10-08,91.5,72,Philippines
86233,vb841,Admit Course,43,2024-03-15,98.35,22,Saint Barthelemy
91961,Ze767,The Visit,21,2023-12-25,82.94,34,Tajikistan
81005,Qj530,Explain Much,23,2023-08-27,86.47,30,Azerbaijan
73901,ox803,Sound Relate,11,2024-11-16,15.07,31,Moldova
57438,ER239,East Listen,19,2024-06-07,50.89,81,Congo
51241,jW018,Despite Work,24,2024-01-16,85.07,12,France
59650,Fj166,Experience His,28,2024-04-02,24.31,76,Palau
18205,kf540,Back Least,11,2024-08-17,51.3,23,Austria
98478,Po810,Size Within,33,2025-07-30,89.07,27,Haiti
49820,tE130,Or Glass,37,2025-07-02,10.17,73,Iraq
33962,TI150,Store Mind,33,2025-03-31,78.84,60,Sudan
63863,CX099,Small Upon,9,2024-10-06,94.05,3,Canada
60370,fD717,Likely Well,22,2025-03-18,94.45,44,Montserrat
69801,DE936,A Agent,13,2024-08-01,94.73,52,Papua New Guinea
70510,kQ930,Meet Thank,28,2023-12-19,49.75,51,Panama
10715,MD965,Likely Drop,8,2023-08-16,66.29,65,India
73917,IL484,Stuff Sing,8,2025-08-01,5.27,40,Cameroon
11850,Kp734,Behavior Guy,19,2025-01-10,85.08,55,Bulgaria
45813,lw613,Teach Standard,5,2024-02-23,32.93,24,United States Virgin Islands
82976,Ep575,Play Simply,24,2025-07-24,68.57,33,Vanuatu
72378,AT627,Campaign Congress,30,2024-09-25,37.88,50,Zambia
21340,If056,Seat So,9,2024-03-14,23.5,99,Greece
47307,xE288,Guess Give,15,2024-10-19,64.92,11,Belgium
67449,pV303,Thank Animal,14,2023-09-16,10.23,74,Lao People's Democratic Republic
22185,OT261,World Thank,40,2023-12-27,44.29,47,French Guiana
88752,pD649,Lead Social,8,2024-07-25,76.43,91,Maldives
25320,Ay491,Cup Focus,43,2023-12-20,65.36,15,Niger
85036,Dy710,Town Degree,14,2024-07-26,83.77,49,Mozambique
25477,Dh233,Majority Everyone,43,2023-10-01,48.31,3,Burundi
10208,do078,Account Hear,11,2024-11-29,63.34,93,Sao Tome and Principe
34453,gQ968,Sense Stage,9,2025-06-28,58.89,20,Korea
38716,AZ586,Might This,10,2024-10-22,28.99,51,South Africa
52305,oY991,Partner Cut,4,2024-04-21,58.56,61,Mayotte
68960,Ej120,Care Not,22,2024-06-02,72.98,62,Saint Martin
37434,bY737,Popular Land,35,2024-08-25,40.94,74,Guam
43469,nr722,Early Sometimes,11,2024-01-20,66.44,72,Latvia
16318,qL828,North War,38,2024-07-07,84.19,49,Marshall Islands
78107,eo594,Official Baby,7,2025-04-01,57.08,37,Korea
19282,bX059,Play Significant,14,2023-10-09,82.3,67,Algeria
99805,tQ953,Expect Picture,41,2025-04-22,3.52,50,Kyrgyz Republic
63146,Qb162,Its Customer,39,2025-01-26,4.11,12,French Southern Territories
91730,Nu876,Prevent Design,32,2024-01-25,9.76,94,Slovakia (Slovak Republic)
97881,ar192,Discuss She,38,2024-12-31,47.34,23,Namibia
38452,ti056,Well Data,43,2024-07-13,39.47,70,Albania
71913,GX291,Everyone Organization,35,2024-10-24,26.22,85,Russian Federation
52203,SZ926,Which Fine,34,2025-03-19,29.46,50,Somalia
93585,Oe687,Research Huge,28,2024-05-01,99.14,7,Turkey
78439,Yp253,Deep Well,18,2025-07-24,31.59,30,Ukraine
98461,JH663,After Type,5,2024-07-23,50.36,45,Western Sahara
99051,jU216,Arm Protect,23,2023-10-29,25.04,17,Mayotte
78035,iE359,How Movement,39,2025-06-28,73.46,86,Singapore
42710,vI148,Gas In,31,2024-03-06,50.76,49,Bahrain
55097,Wx980,Stuff Company,24,2024-03-12,96.51,97,Nicaragua
98554,Ke009,Last Include,27,2024-10-06,89.2,46,Dominica
46734,xz146,Up Article,10,2025-04-30,21.54,18,Fiji
51072,eB930,Back Front,3,2025-03-14,50.59,51,Kenya
18230,Ax282,Close Sport,17,2025-03-06,81.19,37,Sudan
80885,pD659,Thought Money,4,2023-10-25,81.34,34,Guatemala
37879,rC410,Half Help,49,2024-07-19,57.98,52,Azerbaijan
27885,xY946,Industry Hope,34,2024-01-27,44.39,65,Italy
80907,ss190,Door Improve,1,2024-06-20,15.99,6,Tuvalu
57942,Ub160,Hand Economy,27,2023-12-12,77.26,28,Greenland
45226,PN719,Listen Contain,47,2024-03-19,82.98,98,Anguilla
38617,ei769,Son West,28,2024-04-01,87.34,70,Northern Mariana Islands
95239,yw831,Find Happen,2,2024-01-08,94.25,55,Djibouti
98087,BV925,Garden Board,18,2025-05-28,85.56,88,Poland
49129,nS369,Cell Stuff,6,2024-06-28,14.59,41,Uzbekistan
97463,gq785,Standard Contain,15,2025-02-24,94.0,82,Uzbekistan
24043,Bf687,Contain Success,33,2024-09-25,46.83,24,Benin
58205,Td884,Away Bank,38,2023-08-19,7.38,7,Slovenia
53235,Eq858,Need Alone,45,2023-09-06,29.48,50,Central African Republic
40016,ha867,President Audience,40,2025-02-04,97.74,45,Cambodia
34917,RH238,Loss Develop,14,2025-08-08,10.73,17,Nepal
63869,mD351,Use View,47,2025-07-14,35.82,96,Timor-Leste
19167,TL020,Quickly Teacher,2,2024-03-24,74.77,6,Australia
32386,Ax298,Concern Eat,12,2023-08-13,25.71,6,French Guiana
50753,Xe530,Occur Hard,18,2024-07-14,36.75,70,Libyan Arab Jamahiriya
64789,Ia257,Community Seven,34,2023-09-29,34.07,8,North Macedonia
52366,Jj558,Spring Happen,3,2024-02-17,82.59,35,Anguilla
96825,Sn941,Mention Quickly,20,2024-01-19,69.09,28,Western Sahara
39982,TD623,Area Soon,21,2024-08-29,31.08,54,Sierra Leone
49021,fH080,Find Behind,40,2025-04-11,79.68,22,Norway
94246,wu807,World Specific,13,2024-06-12,49.4,55,Haiti
85187,Pz345,Politics Student,4,2025-02-22,3.4,34,Nigeria
16503,oY033,Control Name,46,2025-01-27,5.68,42,Philippines
75209,wP805,Prepare Network,16,2024-05-01,30.4,12,Moldova
90356,go239,Finally Recently,16,2023-10-24,60.82,22,Liberia
58327,uG064,Space Stage,45,2024-12-23,22.46,30,Chile
29707,EG889,Dream Already,32,2024-02-25,61.71,94,Mauritius
18705,HZ844,Yourself Consumer,4,2024-11-01,4.07,27,San Marino
91137,bs829,Interesting Reality,27,2025-05-09,92.21,9,Tokelau
53077,iE791,Worker Yeah,17,2024-03-03,43.35,42,British Virgin Islands
64938,Ts279,Own Popular,39,2025-06-24,33.83,4,Gambia
47247,sY005,School Claim,30,2024-01-26,11.84,37,Haiti
93683,zU120,Address Appear,27,2024-09-21,45.58,64,United States Minor Outlying Islands
34190,TN372,Hair Answer,4,2025-03-30,35.56,26,Wallis and Futuna
94019,wZ643,Turn Most,9,2024-11-25,78.46,54,Bermuda
71322,To349,Address Growth,34,2025-07-06,56.58,39,Burkina Faso
61517,Pw168,Deal My,12,2025-08-09,89.28,28,South Africa
72136,uT454,Including Several,30,2024-10-12,43.76,57,Somalia
27569,ZL539,Some Top,4,2025-07-22,77.28,25,Russian Federation
72981,Fc687,Have Note,35,2024-10-09,72.59,28,Faroe Islands
39528,NJ671,Deal Area,26,2025-01-11,85.59,37,Jersey
39400,ex563,Police Very,1,2025-01-30,99.53,76,Netherlands Antilles
20497,KS020,Whole Everyone,43,2025-06-21,29.35,54,Turkmenistan
75146,TQ328,Ball Response,46,2024-03-05,32.38,4,New Caledonia
67222,iJ908,None Own,46,2024-01-31,13.19,41,Botswana
18057,Gl594,Civil Generation,32,2024-10-26,24.6,20,Paraguay
35696,vM534,Organization Heavy,19,2023-10-16,83.09,51,Guadeloupe
35223,ay885,Human Outside,12,2024-05-03,35.41,60,Guyana
88653,ar936,Arm Center,44,2023-12-09,16.06,85,Cambodia
27366,Dc375,Recognize Blue,38,2024-03-19,73.12,39,Equatorial Guinea
44045,lO110,Pm Speech,9,2023-10-03,10.83,16,Belarus
13810,Yq966,Represent Next,28,2023-10-05,50.95,98,New Caledonia
80832,US951,Positive Process,4,2025-06-22,36.38,1,Cook Islands
37062,mr957,Feeling Body,45,2024-01-26,26.65,41,Iran
32570,Nh280,Beyond Find,16,2024-12-09,94.42,47,Nicaragua
61046,nU826,Police Official,6,2023-10-14,54.72,33,Marshall Islands
47522,ZQ443,Single Important,38,2024-10-12,72.73,21,Brunei Darussalam
87560,vl305,Fly Activity,14,2024-06-25,46.01,73,Oman
35588,OX342,Write Necessary,29,2023-11-10,97.33,7,Botswana
16341,hE710,Figure According,2,2024-04-19,3.02,97,Nepal
91382,kS159,Born Long,41,2023-12-11,95.47,60,Uzbekistan
25078,To590,Early Experience,35,2024-05-20,58.08,1,Guatemala
64942,Pj980,Upon Question,36,2024-06-09,33.71,90,Jersey
99751,Ci173,International Table,22,2023-12-30,29.12,78,Congo
43410,jf943,Between Outside,33,2023-11-15,10.83,100,Hungary
18877,YY303,Let Difference,15,2024-09-03,21.0,57,Argentina
80240,pM419,Manager Process,25,2024-01-25,27.12,6,Antarctica (the territory South of 60 deg S)
88173,Cg756,Instead A,49,2025-02-11,25.72,21,Kenya
51422,EU191,Hard Design,2,2023-12-12,21.11,12,Kuwait
14631,Tt185,When Opportunity,6,2023-09-09,97.87,41,Cameroon
39381,YM745,Speech Left,33,2025-07-27,30.65,24,Bolivia
43451,UN148,Analysis Free,17,2025-02-28,60.25,74,Gambia
30656,XG859,Develop Poor,34,2024-07-06,30.34,10,Hong Kong
54493,EQ078,Herself Wrong,44,2024-07-27,13.29,12,Grenada
63844,Uq383,Leg Cost,3,2024-10-13,86.08,66,Israel
61724,Ew127,Teach Draw,11,2024-11-23,31.62,8,Trinidad and Tobago
50359,lC973,Could Light,16,2025-03-25,52.51,72,Mongolia
71995,fy572,Including Should,4,2025-06-12,39.91,40,Thailand
94737,Zl721,Should Community,39,2024-09-25,86.05,70,Mongolia
65033,ce852,Country Girl,2,2025-05-11,93.39,78,Saint Helena
69673,CS147,Role Investment,22,2024-12-20,9.35,59,Cambodia
87530,EF932,Effect Wonder,5,2025-05-31,73.59,71,Madagascar
78795,NQ281,Find Current,29,2023-11-01,17.22,89,Uzbekistan
77964,St090,Make Travel,31,2024-12-14,49.13,5,Cameroon
56112,IM830,Student Real,16,2024-09-16,52.17,91,Algeria
91294,Pr978,Green Star,18,2024-01-02,43.95,5,New Zealand
72588,RR888,Them Example,25,2024-12-08,58.32,23,Uzbekistan
63421,zm684,Make President,19,2023-11-06,98.97,7,Ukraine
10267,qg718,Seek Health,27,2025-02-01,14.31,98,Kenya
75123,QJ548,Those Floor,42,2024-04-18,16.04,84,Nauru
67851,jU386,Similar It,25,2024-05-24,12.33,19,Saint Pierre and Miquelon
97375,iX914,Affect Would,45,2024-08-15,62.39,10,North Macedonia
57849,vg842,Interest Establish,4,2023-10-16,59.19,62,Tanzania
94358,Oz724,Listen Last,41,2024-04-30,51.8,69,Guam
34260,Lk253,College Able,29,2024-05-17,47.07,31,Chile
57914,Ef006,East Appear,37,2024-01-28,80.06,51,Australia
61524,tI640,Give Prove,5,2024-07-24,27.14,49,Jersey
62292,Mh110,South Coach,31,2024-07-19,22.65,46,Comoros
59231,wx511,Compare Start,43,2025-04-15,78.92,92,Haiti
67268,fc814,Civil Fear,16,2025-03-30,67.78,70,Tonga
50900,VL637,Fall Relationship,11,2023-09-14,64.67,35,British Virgin Islands
27158,uM788,Major Happen,35,2024-05-09,87.94,76,Reunion
90002,Ki780,White Trouble,16,2025-06-15,1.08,71,Bahamas
54574,Jq735,Late If,26,2023-12-22,23.79,46,Croatia
40663,CM384,Answer Other,18,2024-06-06,4.58,33,Cyprus
27282,KQ906,Safe Sort,1,2024-07-18,14.41,79,Northern Mariana Islands
85922,Os270,Maintain Blood,28,2024-10-11,85.21,28,Kenya
15938,pW840,Necessary Try,26,2024-04-22,77.8,1,Austria
78072,wu554,Baby Reason,15,2025-03-03,69.55,74,Anguilla
93327,xC533,Action Theory,36,2025-06-09,64.46,2,Saint Martin
43592,Be744,Age Data,45,2025-06-30,47.98,45,New Caledonia
15123,CQ170,Ten Subject,34,2024-04-14,5.22,26,Serbia
80387,kz305,Draw Expert,39,2025-01-17,73.03,9,New Caledonia
34704,lz468,Far This,35,2024-08-01,5.4,32,Saint Barthelemy
91200,hn308,Data Thus,17,2024-01-08,21.37,2,Peru
98176,jg118,Society Yes,14,2025-06-11,32.94,53,Mongolia
78991,yy921,Market Important,7,2024-02-12,27.13,50,Poland
57407,TM232,Score Admit,38,2023-10-14,38.49,5,Sao Tome and Principe
23516,FF674,Usually Too,49,2024-06-02,19.23,35,Belgium
12682,nm724,Growth Public,16,2024-03-14,97.56,79,Nepal
96209,Gs336,Shake Must,33,2023-10-10,57.93,29,Equatorial Guinea
37529,Af891,Response Reason,46,2024-12-19,2.82,82,Burundi
32374,mS040,Either Pay,28,2024-10-27,91.68,59,Guyana
12979,fG447,Energy Throughout,40,2023-12-14,49.86,40,Egypt
38961,bi963,Still Anything,24,2024-03-01,54.99,91,Tonga
75708,Fa542,Rise Similar,7,2024-03-01,81.25,57,Colombia
75096,rS711,Position They,24,2024-05-23,63.92,35,Svalbard & Jan Mayen Islands
81724,Hc165,Good Easy,39,2024-03-23,38.1,50,Niue
12558,fq794,Senior Defense,28,2024-04-19,45.53,78,Singapore
72870,be947,Voice Ask,18,2024-02-13,76.96,67,Kiribati
63746,fw653,Chair High,29,2024-04-04,53.42,21,Bouvet Island (Bouvetoya)
12648,Uv917,Figure Mr,10,2024-02-26,49.34,42,Cuba
19003,Ll278,Production Heart,4,2024-01-19,22.01,29,Vietnam
44024,GV265,Analysis Professor,45,2025-03-12,20.88,83,Azerbaijan
92149,hm354,Short Truth,20,2024-03-01,65.32,17,Bolivia
91999,tg160,Clear Whether,6,2025-03-07,50.53,88,United Arab Emirates
69847,xq585,Guess However,14,2024-01-08,38.61,12,Jordan
42858,EA695,A Both,10,2025-02-16,96.54,50,Micronesia
20465,oA299,Someone Will,37,2024-02-14,65.38,24,Kazakhstan
39240,HC636,Society Matter,7,2025-08-04,71.13,90,Christmas Island
65252,Bb937,Recently Single,24,2024-07-07,38.65,18,Puerto Rico
52044,cd385,Report Very,33,2023-10-01,76.03,26,British Virgin Islands
25252,oF930,General Form,15,2024-02-20,23.75,11,Italy
97483,Of627,Laugh Evidence,38,2024-11-25,76.95,37,Georgia
76486,XN817,State Across,6,2025-06-24,5.0,9,Bolivia
50331,DS659,Check Determine,5,2024-01-10,62.61,63,Cocos (Keeling) Islands
77139,Ex133,Still Person,24,2024-01-10,27.25,59,Cyprus
77114,Ij266,Many Character,47,2024-08-05,75.14,23,Mali
84036,Ue878,Individual Road,19,2023-10-25,18.76,23,Estonia
68735,cT882,Author Realize,1,2025-06-21,78.64,80,Northern Mariana Islands
86164,QU775,Whatever Four,11,2024-12-05,71.82,40,Qatar
37877,Qo256,Their When,22,2023-08-24,63.58,89,Switzerland
38332,QI308,Ten Entire,38,2025-05-07,61.42,87,Pakistan
43618,go834,Thank Magazine,17,2023-11-12,14.61,82,United States Minor Outlying Islands
77478,PO736,Company Pm,21,2023-08-18,9.8,33,Uruguay
24478,dB080,Play Amount,17,2024-08-16,56.02,69,Lithuania
29023,wM091,Others Game,15,2024-07-25,47.27,55,Pitcairn Islands
67613,mC176,Room Trouble,46,2025-04-01,80.07,39,Macao
56321,ux414,Meeting Process,24,2024-07-08,79.72,84,Cayman Islands
71600,rE097,Here Those,1,2023-09-20,30.03,40,Georgia
63436,lm069,Law Cell,43,2025-02-20,66.23,10,Mozambique
22294,va780,Husband Over,3,2024-02-22,63.33,21,Argentina
90311,mb012,General Smile,11,2024-12-31,13.05,52,Morocco
99421,aO231,Nature System,45,2025-04-06,30.19,55,Brazil
46033,GI431,Test Structure,4,2025-02-26,12.23,8,Ireland
57553,ef510,Hold Address,3,2025-06-04,70.94,25,Palau
82346,tK863,Anything Owner,17,2025-08-01,79.01,4,Isle of Man
37565,Sx055,Sister Whole,4,2023-12-24,87.38,40,Guernsey
85333,Nc842,Huge Game,21,2024-09-02,46.63,100,Bhutan
68584,jy170,Win Lot,10,2025-02-16,68.15,36,Libyan Arab Jamahiriya
50259,CH862,Should Than,18,2024-02-07,61.39,6,Isle of Man
59836,pG134,Clear Pull,8,2023-12-24,69.44,44,Georgia
17479,rn157,Fine Throw,4,2025-06-23,96.25,16,Liechtenstein
98559,gH211,Growth Picture,17,2023-10-29,35.18,33,Sao Tome and Principe
41846,wt526,Physical Face,9,2025-07-02,1.99,57,Monaco
29550,ZM416,New Home,1,2024-09-19,94.46,19,Afghanistan
72504,NU702,Prevent Old,15,2024-02-07,67.29,37,United States Virgin Islands
41333,fN157,National Lay,10,2024-03-15,63.74,54,Israel
77865,lj767,Sometimes Industry,30,2025-05-04,70.01,54,Uzbekistan
87296,xM739,Wonder Two,36,2024-09-04,72.98,17,Solomon Islands
66025,lE116,Enjoy Fall,9,2024-01-23,6.08,92,Luxembourg
80280,fm845,With Already,42,2024-03-23,95.54,31,Kyrgyz Republic
88167,JT714,She Player,45,2024-01-30,30.69,22,Moldova
45847,KL689,Star Serious,21,2023-12-05,36.79,88,Svalbard & Jan Mayen Islands
30545,KX350,Interest How,14,2024-10-29,21.69,53,Svalbard & Jan Mayen Islands
22341,iP888,Message Property,11,2025-06-02,4.7,13,Australia
21890,dj339,Letter City,2,2023-12-18,17.78,100,Somalia
34869,ey914,Truth Door,35,2025-01-13,47.68,41,Argentina
53944,FG473,Best Very,19,2024-06-13,85.02,1,Cuba
37806,IK230,Hotel Ground,21,2025-02-09,85.8,59,Christmas Island
22635,OE408,Provide Yourself,23,2023-11-12,62.32,96,South Africa
36969,Ku087,Camera Family,13,2024-03-28,19.75,99,Belgium
87439,nw774,Believe Yet,45,2024-12-16,61.54,38,Tuvalu
26578,Za664,Executive Soon,23,2024-01-11,71.34,18,Cameroon
72503,OT058,Attorney Road,30,2024-10-12,72.94,99,Papua New Guinea
43719,xi370,Management Rule,17,2025-04-05,77.8,90,Syrian Arab Republic
80852,Gi035,Leg Rate,2,2023-08-20,5.37,12,Mexico
83628,Kz774,Accept Issue,17,2024-01-31,39.97,98,Malaysia
80248,Sj745,Lawyer Right,21,2023-11-09,67.53,57,Mali
22141,An566,Person Already,12,2023-11-23,12.89,1,Bulgaria
47320,TC311,Number Brother,19,2024-08-08,14.63,35,Gibraltar
98972,FG939,Bank Science,48,2024-10-06,1.73,57,Togo
25480,iV243,Form World,35,2024-03-20,11.97,49,Netherlands Antilles
76107,VU235,Radio Prepare,8,2024-11-12,44.83,48,Mali
75917,Xg319,Probably Least,10,2024-03-29,85.8,44,Egypt
26530,RT703,Factor Control,49,2024-11-09,43.04,74,Ethiopia
38992,qD347,Remember It,35,2024-11-10,57.03,79,Sri Lanka
71363,Sd567,Would They,28,2024-12-08,51.23,97,Togo
73398,LE137,Power Assume,45,2024-09-18,10.75,26,Western Sahara
90863,Vm696,Either Morning,22,2024-12-22,89.19,75,Cote d'Ivoire
40344,BG880,Law Opportunity,29,2025-05-06,9.11,23,Micronesia
87376,Zl136,Do While,34,2024-12-27,17.08,77,Macao
44953,qu256,Pm Reduce,4,2024-06-02,76.39,13,Sao Tome and Principe
17575,jC577,Apply Test,44,2023-11-07,56.99,100,Svalbard & Jan Mayen Islands
78359,WN511,Land Movement,6,2024-01-25,97.62,29,Gabon
33421,JL877,Among Between,46,2025-05-24,84.37,33,Turkmenistan
29813,rd469,Purpose Maintain,12,2024-04-26,49.7,86,New Caledonia
76747,Wc300,Central Then,23,2025-01-18,71.95,76,Saint Barthelemy
20120,Ks575,Cut Will,3,2023-08-26,46.48,56,Costa Rica
34762,YJ392,Government End,29,2025-05-04,64.33,42,Congo
36044,hs107,Week Actually,19,2025-04-17,8.1,87,Uganda
37707,MF619,Interview Traditional,37,2025-03-30,66.42,9,Bhutan
77507,Tr063,Boy Table,45,2025-01-22,97.59,78,Malawi
29476,Rd327,Service Fact,49,2024-04-20,21.07,11,Hungary
72214,LM131,Society War,19,2024-02-17,17.76,10,Kuwait
41074,nN013,Card His,34,2025-03-26,25.53,87,Saint Helena
72782,zt085,Subject Lay,40,2023-12-12,94.79,75,Libyan Arab Jamahiriya
68350,jL485,High Visit,41,2025-06-13,88.67,49,Falkland Islands (Malvinas)
97323,UH085,Protect Employee,40,2023-10-09,5.39,33,Peru
54645,vD484,Owner Woman,7,2025-04-30,90.85,20,Haiti
85076,af945,Recently Four,8,2025-07-16,92.27,74,Faroe Islands
99000,AL728,Know Even,14,2023-11-13,61.35,83,Libyan Arab Jamahiriya
15722,yf860,Doctor Say,32,2024-11-20,86.52,15,Guyana
61494,Oq358,Claim Positive,11,2024-09-08,61.49,52,Philippines
52784,Wh187,Suggest Evening,26,2025-06-20,47.7,22,Somalia
47043,YV647,Ball Born,3,2024-09-11,31.96,82,Mongolia
45580,ng893,Fall Six,37,2025-07-26,10.48,91,Grenada
79230,Jl874,Black Decision,15,2024-01-09,13.54,58,Liberia
40217,WF096,Professor That,5,2025-07-26,67.61,99,Sudan
14547,er776,Here Realize,30,2023-10-09,88.88,93,Germany
58534,GY490,Develop War,4,2025-07-01,43.62,23,Northern Mariana Islands
62525,OM539,Interest Can,40,2025-01-16,30.05,36,El Salvador
82181,Ud101,Report When,32,2023-10-22,63.48,15,Tajikistan
22800,Lt054,Lead Hear,5,2025-04-04,85.72,85,Croatia
47170,Rr937,Try Black,49,2025-03-08,42.78,71,Greenland
99196,AL538,Often Campaign,1,2025-07-04,41.34,82,Nauru
86727,lx642,Sister Really,3,2025-06-20,21.33,14,South Africa
25125,gY796,These Offer,33,2024-07-27,65.34,33,Kazakhstan
39527,Gi682,Again Rate,12,2023-09-21,26.52,34,Gibraltar
72535,aq721,Physical Light,7,2023-10-11,41.21,80,Belarus
95094,Ou699,Research Need,49,2025-01-21,94.1,1,Belgium
19604,xl963,Area Choose,10,2025-07-28,51.43,40,Sri Lanka
21820,zz958,Might Religious,49,2024-06-07,79.43,86,Bhutan
41897,SC522,Down While,4,2025-03-31,5.5,44,Ghana
61731,ni215,Memory Sing,22,2024-11-03,76.77,45,Haiti
76935,tI065,Garden Science,11,2023-08-13,44.79,59,Haiti
41254,Ve413,Find Class,3,2024-07-29,65.25,60,Bouvet Island (Bouvetoya)
37280,ce724,Adult Anything,1,2024-02-16,57.98,42,French Guiana
56263,uZ687,It Movement,42,2024-05-01,10.95,28,Somalia
99225,Eh303,Anything Camera,33,2024-09-29,58.9,99,Thailand
12676,zp072,Issue Our,17,2023-11-19,81.87,39,Togo
97789,XA885,Do Small,24,2024-02-28,55.67,26,Nigeria
21018,Cm837,Current Have,27,2025-01-17,23.4,39,Anguilla
36332,uA768,Just Western,21,2024-06-13,36.89,89,Falkland Islands (Malvinas)
56760,iB215,College Goal,11,2025-01-26,87.26,33,Lithuania
17071,dU683,Action Plan,27,2025-04-21,49.91,57,Denmark
44976,lX405,Great Range,22,2025-01-29,11.79,42,Guadeloupe
81032,Tr892,Focus Ask,2,2024-01-31,15.72,27,Oman
11581,qi980,Claim Party,42,2024-03-25,42.42,51,United States Minor Outlying Islands
93332,Cx628,Crime Political,11,2023-12-27,52.02,83,Tanzania
61002,ZC002,Spring Finally,40,2024-07-09,80.23,98,Central African Republic
12113,mH813,Sense Study,17,2024-10-04,5.95,61,Christmas Island
14470,rW874,Impact Increase,43,2025-08-08,63.31,49,Paraguay
80144,Li147,Ok Alone,10,2025-05-09,21.13,39,South Georgia and the South Sandwich Islands
36464,vo410,Set Know,2,2023-12-22,66.47,67,Pitcairn Islands
28424,jx062,Travel Day,33,2024-10-04,54.97,82,Uruguay
16817,Fs565,Ago Fire,25,2025-03-13,50.65,54,Oman
15820,Ev466,Many Civil,38,2024-07-13,2.93,51,Cote d'Ivoire
74793,wz458,Difficult Work,41,2023-11-24,54.02,32,Paraguay
32404,tL492,New Always,12,2023-10-17,68.32,33,Croatia
43415,iN542,Water Specific,3,2024-09-17,63.24,44,Thailand
74883,yf222,They Get,5,2024-07-08,76.18,98,Honduras
27185,vr502,Commercial One,6,2024-02-10,99.61,54,Argentina
59295,ve922,Low Organization,7,2024-03-16,94.81,62,United States of America
59309,dB844,Race Seek,16,2025-06-20,52.83,94,Qatar
80737,yg492,Employee Green,38,2024-10-30,5.48,45,Sao Tome and Principe
81926,PN797,Word Shake,7,2023-10-31,72.12,36,Brazil
16755,ho688,Republican Note,30,2024-10-19,19.63,34,Kuwait
29640,lH811,Study Discover,39,2024-07-25,36.94,74,Vanuatu
53267,bi607,Task Offer,33,2025-03-30,21.71,31,Guinea
42049,rV183,Bit Activity,35,2024-01-24,26.8,34,Algeria
53488,il532,Total Point,18,2025-07-12,29.69,36,United States Virgin Islands
58831,Vm972,Economy Push,31,2025-04-09,80.67,100,Zimbabwe
23222,TP228,Reason Others,11,2024-10-09,2.32,93,Timor-Leste
13214,wm277,Small Week,30,2023-09-10,80.94,8,Uganda
32721,wS503,Pattern Realize,42,2025-02-26,69.83,50,Chad
81904,kb010,Interview Kitchen,42,2024-03-05,94.89,13,Gambia
80321,fE060,Eat Past,22,2024-12-25,27.75,82,Liechtenstein
77327,Ys589,Later Bar,23,2024-03-16,61.22,65,Israel
19997,Jx973,Laugh Piece,29,2023-08-21,85.47,76,Comoros
67545,kt916,Might Business,20,2024-07-04,77.81,91,Georgia
71493,hE371,Common Tend,30,2025-01-11,44.8,72,Ukraine
49042,vJ520,Pick Third,30,2025-05-13,63.45,97,Bosnia and Herzegovina
74211,rp817,Must Its,32,2023-10-24,32.72,88,Cook Islands
94517,FS877,Firm Successful,4,2024-04-12,22.53,67,Puerto Rico
40122,Jt750,Risk Official,37,2023-09-11,85.48,16,Norway
65819,eg908,Detail Detail,44,2023-10-12,90.39,11,Serbia
52428,Us108,Someone Side,47,2025-02-06,96.02,69,Iraq
40243,Zs685,Whatever Cost,29,2023-12-07,86.16,91,Suriname
40731,Ev984,Center Box,3,2024-02-14,30.56,7,India
73905,OC832,Force Major,5,2025-05-07,92.37,16,Algeria
40567,Lz566,Even Carry,14,2025-01-20,3.7,65,Taiwan
98664,tk796,College Free,43,2024-09-27,53.59,15,Norway
50662,jR995,Shake Training,16,2025-02-08,80.05,27,Falkland Islands (Malvinas)
68536,ef698,Though Offer,1,2024-10-02,66.79,57,Dominica
77707,jx869,Better Worker,36,2023-08-14,4.31,72,Svalbard & Jan Mayen Islands
44229,GZ736,Across Above,9,2025-03-31,73.58,15,Luxembourg
19895,vu199,Most Red,26,2024-11-26,4.71,96,Slovakia (Slovak Republic)
80072,Pc086,Think Past,33,2025-07-04,25.62,63,United Arab Emirates
56228,Zi878,Force Interest,45,2024-07-02,37.24,24,Saint Vincent and the Grenadines
94281,zS009,Husband Goal,13,2024-08-27,48.03,42,Maldives
62330,Qq792,Claim Ahead,2,2024-12-12,25.0,81,Greece
37154,qu382,Traditional Travel,32,2023-11-02,84.26,28,Somalia
65768,Nd363,Market Win,19,2024-02-27,96.03,89,Australia
35969,hC985,Between Significant,45,2023-08-17,62.97,78,Papua New Guinea
41709,LB370,Door Side,17,2024-10-24,10.71,35,Finland
13397,vG711,Offer Right,49,2024-06-03,34.86,51,North Macedonia
27531,ix380,Seat Animal,41,2024-03-19,13.56,28,Pitcairn Islands
53433,KH085,Audience Physical,21,2023-08-25,71.57,78,Svalbard & Jan Mayen Islands
89849,VX390,Level Whose,14,2025-07-26,67.83,64,France
17881,Xb672,Staff Audience,6,2023-12-08,97.53,60,Philippines
35002,Gi150,Land South,5,2025-06-09,34.27,58,Tonga
46911,wo991,Resource Number,6,2024-03-12,34.56,72,Lebanon
80161,AD762,Song Mouth,38,2024-10-02,20.17,65,Vietnam
17493,ld470,Level Available,6,2025-01-21,74.13,2,Saint Pierre and Miquelon
60856,yU259,They Kind,20,2025-05-19,57.08,27,Brazil
18979,Mt102,Rock Let,41,2024-03-10,44.96,100,Western Sahara
52021,Fm720,Lay Forward,38,2024-09-22,19.47,58,Honduras
49469,az500,Poor Current,6,2024-11-06,14.35,16,Palestinian Territory
37899,bi337,Behavior Office,10,2025-05-15,89.23,24,Vanuatu
76381,rN842,Along Say,46,2025-06-15,80.12,71,Bhutan
86108,cp649,Yeah Lot,27,2024-01-09,49.98,83,Australia
15058,MR715,Respond Different,33,2024-06-23,35.92,49,Mauritania
85863,Sk675,Summer Political,46,2025-01-12,14.69,70,Isle of Man
99867,QQ517,Safe Figure,22,2024-09-17,18.41,79,Bahamas
51938,oe002,Quality Plan,36,2024-06-30,93.79,69,Cyprus
74543,Dx779,Citizen Blue,30,2023-11-22,59.36,77,Armenia
61333,kB319,Focus Miss,31,2024-06-01,80.7,43,Somalia
20827,Mr978,Take Reflect,49,2024-03-17,93.46,25,British Indian Ocean Territory (Chagos Archipelago)
88994,DX473,Amount Also,36,2024-11-13,10.93,87,Kuwait
58358,Pv082,Look Staff,22,2024-11-17,77.44,67,Japan
25560,DI180,Maintain Wind,33,2024-08-06,63.72,70,Christmas Island
27461,lS611,Agent Care,11,2025-02-12,32.52,2,Luxembourg
86329,rc212,Political Decide,25,2024-08-11,78.41,24,Belize
90746,lu270,Of The,4,2024-01-14,18.05,89,Guinea
36807,SK845,North Building,6,2024-03-30,28.03,98,Oman
61561,fA382,Employee Area,12,2023-12-31,5.64,73,Romania
74168,aB666,Election Stuff,24,2024-10-17,94.38,65,Saint Helena
59404,Qf654,Administration Have,23,2024-09-07,89.06,78,Netherlands Antilles
51341,tk860,Write Her,39,2024-01-31,92.05,85,Iceland
35876,Kc573,War Store,16,2024-12-12,87.65,74,Antarctica (the territory South of 60 deg S)
99186,jf439,Fight Body,22,2023-12-17,72.87,1,Panama
35354,Js854,Newspaper While,29,2024-02-23,54.63,48,French Southern Territories
46236,Xp569,Head Drive,33,2024-02-19,24.79,36,Montserrat
19830,Dr727,Successful Indicate,42,2023-11-22,77.31,34,Djibouti
87422,Jb075,Whatever Name,41,2025-02-28,7.72,64,Singapore
13546,hG871,Information Send,42,2023-09-18,31.48,10,Ecuador
60720,iv815,Allow Candidate,7,2023-11-27,51.3,90,Kuwait
89381,Ib143,Low Still,47,2025-01-13,61.23,6,Libyan Arab Jamahiriya
91890,nE640,Daughter And,42,2024-08-19,60.48,65,China
40508,KY226,Them Eat,24,2025-06-18,84.32,61,Guam
12948,TA205,Place Share,22,2025-08-05,30.06,89,Nigeria
63976,pj799,Poor Business,29,2024-12-13,91.9,40,Slovakia (Slovak Republic)
76787,sb225,At Left,28,2024-10-19,74.3,77,Fiji
94901,aa287,Minute Significant,10,2025-05-23,3.44,76,Malawi
80477,zq403,Guy Set,14,2025-07-21,88.6,94,Greenland
52598,wL400,Role Agent,42,2025-03-08,92.48,37,Botswana
16419,br989,Dream Know,15,2023-12-31,91.49,7,Germany
96156,SW484,Customer Former,14,2024-11-30,47.11,91,Austria
36963,Cs882,Herself Method,2,2024-07-08,65.19,13,Serbia
63839,ti707,List Current,44,2024-11-02,63.79,55,Haiti
25888,Fl800,Say Recently,42,2024-06-21,10.48,96,Germany
83212,PF319,Something Into,49,2025-06-23,29.79,46,Belarus
25358,Hs107,All Production,8,2025-02-03,23.37,52,United States of America
16765,gu356,Myself Health,32,2023-10-27,42.69,88,Martinique
53128,Tx597,Woman Move,21,2023-08-12,68.32,48,Aruba
96606,QH912,Save Rule,22,2023-12-06,55.98,74,Botswana
32541,uA351,Result Growth,40,2025-05-09,74.89,22,Bouvet Island (Bouvetoya)
96293,DM657,Them Seem,13,2024-03-30,90.39,38,Cameroon
93218,hB633,Form Professional,39,2024-11-04,44.29,38,Korea
70991,Vb972,Power Four,44,2024-04-20,5.97,3,Portugal
17069,XZ578,Message Structure,46,2023-11-20,89.15,73,Cambodia
91943,oi292,Road Food,28,2025-05-14,98.21,100,Jordan
57370,kz090,Rule Behind,30,2023-11-02,3.56,26,Niger
86335,zA447,Hand Wear,26,2024-12-17,48.79,91,Saint Barthelemy
17828,rD459,Walk Identify,20,2025-03-10,30.05,38,Liechtenstein
36881,DI144,Game Mean,4,2023-10-26,95.13,65,Bouvet Island (Bouvetoya)
51208,Mk619,Company Arm,1,2024-08-05,70.82,34,Palestinian Territory
61784,Nb484,Also Top,13,2025-05-06,42.63,65,Zambia
13936,zL326,Increase Music,33,2025-01-01,86.1,38,Spain
98258,fj596,City Reflect,35,2023-12-12,17.33,7,Barbados
22270,gI749,Heavy Debate,10,2025-03-10,40.88,50,Vanuatu
98270,KT409,Artist Charge,23,2024-05-27,86.74,23,Martinique
35505,Dg820,Particular Course,8,2024-07-14,4.86,1,Moldova
69410,gq466,Knowledge Light,25,2023-12-14,82.79,9,France
24412,Ej304,Move Himself,26,2023-11-23,57.32,42,Egypt
45226,dn364,Subject Company,34,2025-01-18,44.31,93,Mexico
86839,Sk628,System There,14,2024-12-25,96.31,39,Palestinian Territory
66841,DK670,Put Measure,24,2024-08-17,99.45,50,Belgium
70049,kB016,Environmental Sign,26,2024-05-16,41.85,27,Niger
47522,Ir568,Fine Imagine,44,2023-09-26,61.09,83,Guinea
64605,gU878,Later The,42,2024-08-29,21.04,40,New Zealand
11827,ai917,Identify Nearly,32,2024-11-10,71.86,55,Timor-Leste
60568,KU699,Age Rest,6,2023-11-29,97.23,75,Tanzania
45766,El648,Many Data,31,2025-06-25,82.83,6,Iceland
17598,se678,Building Born,4,2023-09-24,10.09,54,Burkina Faso
72582,lh736,People Fire,9,2023-09-12,15.58,63,Anguilla
22919,KR323,Sense Exist,2,2024-12-19,72.79,66,Qatar
80190,Su082,Remain Hand,5,2025-08-11,72.17,96,Albania
91134,Ph190,Science Toward,6,2025-04-12,23.53,86,Saint Pierre and Miquelon
67379,ZU534,Without Either,36,2023-09-15,97.54,63,Tajikistan
53202,ET755,Difference Six,45,2024-03-15,35.92,23,Guinea
60931,Ll082,Their Sound,37,2024-07-09,15.64,34,Antigua and Barbuda
16456,LA459,Quickly Kitchen,9,2025-04-17,10.25,44,Botswana
78515,Kz315,Energy Then,8,2025-03-18,12.99,13,Mozambique
24260,Xu656,Air Method,8,2024-11-18,70.18,36,Somalia
39439,ql875,Human Rule,32,2024-03-29,4.94,51,Heard Island and McDonald Islands
23719,TW216,Apply Report,3,2025-05-13,33.01,32,Martinique
80205,VC811,Yeah Opportunity,16,2024-05-05,92.85,44,Solomon Islands
53625,bH088,Season Put,44,2024-08-18,3.58,22,Reunion
12732,eK205,Democratic Present,49,2024-12-20,54.03,23,Italy
78676,mm356,Second Approach,27,2023-11-13,82.99,52,Uzbekistan
11068,wH281,Different Number,34,2024-11-26,22.14,40,Argentina
32199,np923,Direction Someone,16,2023-08-26,38.19,98,Austria
40320,YP622,Morning View,9,2025-04-15,33.42,74,France
36548,AV282,Provide She,14,2025-02-15,30.92,34,Guadeloupe
50970,rb858,Cost Continue,47,2024-02-25,8.36,1,French Guiana
42056,eJ447,Staff Kid,8,2025-03-04,81.61,54,Norway
70013,Vx080,Bit Throughout,20,2023-09-26,1.26,82,Kiribati
85389,YJ049,Through Simply,45,2023-12-05,29.03,22,Belgium
22182,FG250,World Design,31,2024-02-22,23.35,33,Tonga
38633,aM174,Themselves Camera,36,2024-11-04,19.96,82,Czech Republic
69012,db310,Yourself Charge,49,2025-05-01,37.8,98,Saint Barthelemy
34109,Zo803,Will Writer,7,2023-11-27,53.57,77,Paraguay
37484,HB821,Smile World,13,2023-08-21,34.44,6,Aruba
97618,uY772,Anyone Term,12,2023-09-09,21.11,44,Azerbaijan
55283,us744,Stuff Result,33,2024-03-19,62.67,47,Australia
35071,yL262,Impact State,12,2024-09-04,7.36,72,Samoa
95577,sn770,War Attention,49,2025-08-05,10.35,71,Armenia
95521,nU115,Even Head,6,2025-06-17,66.31,39,Palestinian Territory
27501,cc210,Less Study,35,2024-09-16,40.55,33,Dominica
83201,Bm787,Green Mr,46,2024-04-11,8.65,14,Turks and Caicos Islands
66010,NL994,Economic Media,45,2025-05-17,28.45,7,Cyprus
12636,go460,Ok Campaign,39,2024-06-17,66.77,95,Bahamas
42673,jq104,Finally Win,3,2025-04-02,93.28,21,Antarctica (the territory South of 60 deg S)
34891,my221,Poor Blue,28,2025-05-16,7.94,84,Solomon Islands
27808,oW706,Glass Hold,45,2025-04-24,77.38,86,Sweden
48112,bl475,Before Maybe,39,2024-12-14,4.96,44,Guinea-Bissau
99263,xf429,Indeed Improve,7,2024-07-06,98.95,19,Mozambique
99226,fr013,Five View,15,2024-11-11,22.25,66,Croatia
68495,Ay531,Hour Way,32,2024-06-30,38.88,4,Dominican Republic
31030,qo894,Once Improve,28,2024-02-18,87.85,95,Congo
81867,ce593,Executive Population,49,2024-01-30,87.28,98,Hungary
55563,vT663,Few Across,18,2023-09-16,98.13,72,Turkey
64321,jN847,Into Dog,42,2023-11-23,87.01,100,Sweden
14423,SF064,Second Spend,18,2025-08-02,18.36,96,United Arab Emirates
83681,HR731,Other Important,35,2025-05-16,92.79,56,United Arab Emirates
14718,Hz194,Successful Growth,4,2025-06-03,30.43,69,Spain
89179,BG243,Behavior Low,36,2024-08-12,43.15,96,Reunion
49150,Ei000,Put Pretty,29,2023-11-07,56.48,87,Chile
15695,fR677,Subject West,9,2024-01-08,97.46,69,Guernsey
65595,eM188,Whole Part,14,2025-07-31,58.79,24,Mauritania
72110,nb997,Service Door,39,2024-04-12,4.42,23,British Indian Ocean Territory (Chagos Archipelago)
76892,pr110,Enough Sister,19,2025-05-24,91.84,70,Reunion
44157,ou387,Ground Base,5,2024-07-24,12.39,24,Hungary
11683,vm930,Expert Unit,6,2024-05-11,52.3,53,Croatia
56548,cp696,Information Movement,24,2024-02-15,39.42,41,Western Sahara
90376,Hj233,Couple Design,39,2024-03-16,80.11,32,Seychelles
46894,hp956,Blue Also,20,2024-01-21,41.25,84,Equatorial Guinea
78266,Lh483,Near Apply,15,2024-07-20,64.2,76,Saint Lucia
27609,hL213,Research Feel,32,2024-06-11,45.93,86,Ghana
19906,kZ051,Include Condition,41,2025-03-27,6.96,67,Congo
45522,iA849,Nature None,45,2025-01-01,61.68,68,Jordan
56595,mx479,Real Street,24,2025-01-15,70.34,95,Antarctica (the territory South of 60 deg S)
90834,Qp205,Possible When,2,2023-11-21,23.45,9,Venezuela
25838,uK637,Decision Threat,45,2025-06-01,42.37,2,El Salvador
75704,xv182,Happen Follow,40,2024-07-18,83.29,45,Cayman Islands
69753,xF512,Professional Plan,20,2023-09-28,34.99,59,Mauritius
99405,XD490,Western Role,33,2023-10-08,44.84,92,Canada
22934,Mq308,Drop Boy,28,2024-05-20,91.08,21,Colombia
79351,Fq416,Mean Them,4,2024-03-29,92.54,39,Switzerland
10815,ao133,Entire View,19,2024-07-31,38.24,45,Kuwait
41986,HD585,Year Hand,24,2024-12-08,9.46,18,Uganda
44441,PL184,Line Glass,41,2025-06-16,4.79,22,Croatia
28333,fA548,Someone Ask,37,2024-09-05,93.81,100,Italy
43171,AZ564,Window It,37,2025-04-06,26.21,97,Pakistan
40990,UC302,Foot Account,46,2023-08-18,19.11,52,Dominica
77447,OW044,Gas Number,1,2024-11-10,94.25,88,Nicaragua
63611,al285,Fire Again,3,2025-02-21,26.29,29,United States of America
66220,CU125,Ten He,10,2024-01-20,40.09,49,Uruguay
85590,tA976,Operation Especially,19,2023-09-23,25.38,95,Ghana
13668,SK579,Group Front,15,2024-03-19,72.32,67,Switzerland
39205,fx456,Test Billion,27,2024-03-17,28.8,80,New Zealand
74541,ky602,Yourself Case,18,2025-03-24,80.14,24,Tuvalu
98511,kj757,Direction Machine,48,2024-05-06,72.12,77,Bahamas
54806,Bc006,Indicate Executive,47,2024-08-12,74.37,63,Oman
26355,Yy687,Pass Whose,42,2025-05-16,40.82,100,Antigua and Barbuda
74534,OY831,Yeah Hear,34,2023-09-29,33.93,19,Lesotho
24203,NY930,Adult Sister,8,2023-12-31,41.48,19,Burundi
74195,uO069,Writer Behavior,19,2024-11-12,36.41,14,Isle of Man
34720,yx792,Congress Race,11,2025-01-23,72.16,37,Egypt
38985,JM175,Reality Interesting,33,2024-02-20,10.03,46,Colombia
32869,hC700,Officer Night,23,2025-06-27,79.28,88,Myanmar
14064,zX800,Weight As,25,2025-06-29,35.73,65,Bermuda
70549,zg399,Price None,24,2024-03-23,51.66,4,Senegal
59198,BO883,Agent Sell,42,2025-01-28,33.83,10,Reunion
39932,Uz148,Attention Air,12,2023-10-31,11.69,21,Central African Republic
25857,hl121,Compare Surface,5,2025-05-28,24.4,54,Czech Republic
71677,vw680,Must Tree,37,2025-06-15,89.97,67,Burundi
67693,xg625,Air Fast,30,2024-10-17,74.28,36,Cote d'Ivoire
16087,Yx523,Image Interview,18,2024-07-19,27.68,49,Saint Lucia
13602,kE041,Resource Report,44,2024-05-21,96.64,73,Bolivia
25702,tP175,Leg System,23,2024-06-08,97.03,98,Fiji
48308,AX038,Hard Else,1,2025-06-24,94.06,19,Ireland
90070,rS981,Simply Specific,8,2024-09-29,71.65,57,Antarctica (the territory South of 60 deg S)
99682,xH291,Hundred Also,47,2025-05-11,49.5,77,Bulgaria
35869,rV024,Training Accept,3,2025-01-26,36.21,51,Marshall Islands
22580,tM372,Finish Our,43,2024-04-11,37.13,95,Swaziland
98983,Xu557,Still Bank,18,2025-05-23,95.93,12,Saudi Arabia
27159,xO396,Consumer Quickly,29,2024-08-04,11.23,25,Brazil
46834,hk294,Once Turn,18,2024-06-03,34.75,50,Brunei Darussalam
40196,Jj873,Moment Treatment,39,2025-06-15,31.25,33,Eritrea
31873,eC144,Fact Region,47,2024-07-28,56.87,12,British Indian Ocean Territory (Chagos Archipelago)
44102,hD565,Cultural Will,47,2024-02-06,21.73,100,Papua New Guinea
84968,rZ016,Over Present,17,2025-01-24,33.01,89,Russian Federation
76942,su296,Where Thus,33,2024-09-05,74.57,55,Vietnam
19906,ah312,Traditional Accept,5,2024-01-04,30.96,42,Colombia
93403,VV627,Tax Until,47,2024-10-01,53.01,17,Saint Vincent and the Grenadines
64837,DX166,Window Who,16,2025-08-08,88.4,3,Syrian Arab Republic
46323,KQ882,Effect Compare,3,2023-09-06,87.67,72,Isle of Man
49614,KX136,Per Throw,7,2024-08-24,92.49,75,Samoa
35444,iD633,Cell Establish,36,2025-02-03,44.85,5,Liberia
60275,dL692,Painting Play,6,2024-06-09,22.57,46,Cook Islands
67240,lW347,Wish Reach,47,2024-09-26,26.37,87,Sierra Leone
28561,Rc836,Beat Figure,40,2024-05-21,65.98,75,Marshall Islands
43236,Vn896,Onto Wish,25,2025-05-28,5.91,44,Malta
55701,pQ911,West Make,23,2023-12-06,55.55,46,El Salvador
71695,Vh846,Us Over,8,2024-07-10,33.2,13,Palestinian Territory
54021,va015,Various Garden,21,2024-01-31,98.94,59,Martinique
75420,LE986,Beat Sport,35,2024-07-06,19.88,73,Belize
55004,jx926,Under Choice,14,2024-03-01,67.2,56,Saudi Arabia
76622,Sr401,Play Term,27,2024-12-03,6.36,29,Cayman Islands
23581,Wa039,Current Trouble,7,2025-01-06,15.23,81,Iraq
16322,qN341,Project Article,28,2025-04-27,24.58,32,Croatia
20150,MT139,Agree Owner,9,2024-11-10,9.32,72,Puerto Rico
63261,Fm074,Leader Measure,14,2023-09-26,12.04,29,Tajikistan
68817,bv378,Discuss Growth,29,2024-09-14,99.86,3,Netherlands Antilles
85680,HF349,Study White,30,2023-10-20,80.65,47,Bulgaria
66774,RT149,Require Politics,21,2025-06-27,49.88,29,Sao Tome and Principe
80599,wr636,Car Nation,19,2025-02-13,61.15,54,New Caledonia
45305,go741,Direction Fire,36,2024-04-08,66.14,49,Martinique
64857,Xm472,Public Hand,5,2025-08-03,72.86,83,Canada
91130,hg755,Language Area,14,2023-12-21,82.89,69,Sweden
62111,kt088,Low Behind,10,2025-01-05,5.4,43,Saint Martin
71603,VG956,Fight Century,18,2024-10-30,92.06,98,Kyrgyz Republic
90416,cO314,West Stand,38,2025-02-25,12.27,64,Portugal
36675,jd864,Special Hotel,38,2025-07-16,7.24,22,Lesotho
94859,Jp264,Population Page,48,2025-03-30,27.88,49,South Africa
23358,Xi611,Wide Surface,30,2024-02-13,27.77,22,Ethiopia
67018,Pk214,Building Spring,22,2024-12-29,10.56,77,Poland
68556,GP710,Service Fight,10,2023-09-19,14.24,75,Taiwan
21038,zk638,Draw Marriage,29,2023-12-03,75.43,38,Russian Federation
63443,uh997,Human White,32,2024-05-29,23.61,71,French Polynesia
38426,My896,Age Music,21,2024-04-12,40.0,65,Dominican Republic
72530,wK622,Modern Community,36,2024-09-15,22.59,22,Malta
83827,fT871,Thus Common,44,2025-06-01,4.33,14,Mauritania
24950,Nx102,Remember Present,43,2025-05-30,39.71,48,Italy
37035,XN265,Share Value,20,2024-01-03,19.94,2,Pitcairn Islands
23008,Cp496,Brother Lawyer,35,2025-01-05,40.89,25,South Africa
57045,Kd236,Plant Director,47,2025-05-05,15.92,76,Liberia
20156,Vs966,They Real,16,2024-12-22,38.24,41,Algeria
81619,Yu756,Result Maintain,4,2024-05-02,86.0,70,Lebanon
74458,ZJ895,Finally Manager,46,2025-01-29,77.41,46,Belgium
31401,CS919,Into Get,48,2025-06-15,54.39,60,Uruguay
28375,fD200,Inside Base,13,2025-05-26,21.74,56,Tunisia
13385,vV285,Still Team,48,2024-09-28,22.37,92,Saint Helena
99714,Bd634,Health Somebody,11,2023-12-08,36.04,13,Zimbabwe
59740,IK144,Information Official,47,2024-04-08,64.51,12,Moldova
83807,QS361,What Crime,43,2025-01-04,96.78,75,Monaco
54435,qN374,Area Popular,40,2024-09-22,7.4,48,Algeria
50236,gD709,Great Party,35,2024-08-07,47.28,38,South Georgia and the South Sandwich Islands
86527,rH627,Police Across,26,2025-04-20,24.02,54,Portugal
28563,Rh479,Common Kitchen,22,2024-12-27,22.26,95,Liechtenstein
72930,oB786,Hospital War,39,2024-02-28,99.84,77,Antarctica (the territory South of 60 deg S)
36408,sU005,Energy Evening,12,2023-10-05,6.78,2,Georgia
26687,bA943,Interesting Between,32,2023-08-24,94.21,13,Congo
43905,gO251,Coach Tell,26,2023-12-02,68.83,73,Cuba
92483,mN666,Suddenly Three,15,2023-12-20,62.28,4,Slovenia
47668,cW634,Specific Plan,43,2024-12-20,38.77,61,British Indian Ocean Territory (Chagos Archipelago)
67427,mz924,Hundred Less,21,2023-10-22,34.98,10,Uruguay
61409,ru637,Nearly Structure,10,2024-02-18,56.16,14,Madagascar
16087,iJ796,Everybody Poor,2,2025-06-13,95.74,49,Gibraltar
30158,Or040,Them Edge,1,2024-09-30,15.95,9,Comoros
91893,de435,Next Whom,21,2023-09-30,2.81,49,Oman
37660,Uq476,Impact Myself,43,2024-06-17,31.2,90,Western Sahara
26736,tG128,Especially Hold,9,2025-01-02,39.62,36,Canada
45772,ML199,Street Describe,2,2024-01-10,95.49,53,Greenland
61630,kF095,Style Speak,20,2024-04-12,27.81,20,Panama
31330,JJ134,List Look,20,2023-10-26,8.3,94,Kyrgyz Republic
85900,Aq275,Factor Right,34,2025-02-19,10.2,97,Morocco
80838,Vd993,By Long,46,2025-03-17,63.63,68,Suriname
17840,BM089,Dinner Some,38,2025-06-01,78.51,39,Suriname
54688,xA691,Ball Difference,7,2024-03-02,53.98,44,Mozambique
16775,cY795,Return Green,6,2024-07-21,91.67,32,Cote d'Ivoire
95831,wF605,When Instead,11,2024-06-20,36.51,40,Cyprus
39832,JK595,Process Page,27,2023-08-29,32.02,73,Sri Lanka
39665,YQ786,Food Member,21,2024-11-13,47.84,92,Niger
41942,aq143,International Bad,4,2023-12-27,28.85,23,Andorra
88968,LF895,Make Beautiful,17,2024-03-18,58.13,34,Kazakhstan
92451,Wd497,Family Couple,10,2024-03-13,70.28,29,Nigeria
37473,Jl738,Shake Tonight,44,2024-10-04,52.52,66,Dominica
17409,ng962,Year Total,1,2025-06-09,81.35,26,Nicaragua
21097,LS921,Investment Make,29,2024-07-15,64.42,23,Dominican Republic
86443,ld562,Century Kid,15,2024-11-12,57.61,20,Saint Lucia
69385,HD364,May Thing,43,2025-01-15,9.24,39,Haiti
71239,vA940,Measure West,25,2024-11-19,58.57,95,Saint Kitts and Nevis
49191,yN022,Hospital Significant,10,2023-10-29,37.65,70,Costa Rica
52645,Ig976,Four Pass,8,2025-02-09,59.18,50,Pakistan
77439,xa600,Design Boy,9,2024-01-26,88.39,80,Moldova
51977,pM479,Imagine Authority,48,2024-08-05,10.5,66,Guyana
82424,GM647,Bar Century,28,2023-11-15,73.05,44,Grenada
64110,OW633,Then Another,46,2024-10-03,58.91,53,Afghanistan
70329,aP773,Section Sound,24,2023-09-15,94.13,78,Burkina Faso
31452,RX835,Tv Forward,37,2023-12-03,12.38,9,Belarus
91287,KR238,Public Far,37,2025-07-27,45.88,44,Malta
51764,si420,Hot Staff,2,2025-02-25,76.36,85,South Africa
70304,WQ035,Television Car,7,2025-07-05,21.77,35,Malta
20074,Zr705,Sound Think,46,2023-10-03,98.21,72,Wallis and Futuna
52828,WE406,Much Sound,38,2025-06-20,52.5,39,Mayotte
18485,Kq838,Sure Cause,5,2025-01-14,74.93,12,Guyana
25948,gC990,Physical Include,17,2024-06-18,56.68,46,Mayotte
60030,dY734,Reality Car,6,2024-03-07,1.21,2,Nepal
25008,eT223,We Word,42,2024-12-05,95.46,19,Bolivia
11654,Aj556,Newspaper Create,10,2025-03-26,69.65,77,French Guiana
88899,eU443,Majority Conference,48,2024-07-10,75.6,21,Iran
35705,Ib438,Answer Himself,22,2023-09-17,47.21,54,Mozambique
96234,iG548,School Significant,45,2024-11-07,78.18,28,Myanmar
22546,rJ042,See Various,41,2025-08-05,17.14,88,Netherlands
50109,is683,Blue Two,26,2025-07-08,68.93,99,Mauritius
18227,Tv619,Week Agreement,3,2024-02-11,30.53,86,Italy
55795,GT972,Edge Item,13,2025-04-16,1.36,35,Syrian Arab Republic
81170,mp101,Party Road,29,2025-01-23,46.2,32,Montserrat
17010,lD724,Buy Pm,8,2024-05-03,52.65,58,United States of America
33807,MR744,Style Not,16,2023-12-25,26.19,43,Mongolia
18937,di781,Other General,14,2023-12-18,95.14,18,Indonesia
98810,zI333,Stuff Perform,11,2024-10-09,39.92,81,French Guiana
81546,cz702,Tend Care,44,2024-06-01,59.63,45,Turkey
12239,jI891,First Economic,26,2025-01-30,77.67,17,Belarus
87365,tR725,Break Claim,3,2024-06-17,60.42,68,Turks and Caicos Islands
21219,Bl181,Green Among,18,2025-07-06,61.37,59,Philippines
20311,Vz627,From Opportunity,9,2025-04-25,84.35,83,Azerbaijan
69040,Yz356,Page Action,41,2024-05-27,32.34,22,El Salvador
38163,of002,Again Theory,34,2023-08-25,75.01,90,Georgia
13214,iT814,Pm Move,27,2025-05-15,23.71,43,Syrian Arab Republic
50129,Ql230,Leave Author,28,2024-05-25,87.42,78,Martinique
86622,DH669,Of Court,19,2024-01-03,97.41,42,San Marino
80195,bo068,Image Mr,16,2024-05-29,65.67,56,Austria
61414,xE572,Line Career,8,2025-04-26,31.49,87,Haiti
28270,yq498,Participant Federal,12,2024-10-09,49.0,5,Vanuatu
18863,vd681,Reflect Food,24,2025-04-29,84.83,53,Oman
54259,vo062,Nothing Newspaper,21,2024-09-17,67.95,37,Chad
72088,kt980,Box Nation,20,2025-08-01,95.16,78,Saint Vincent and the Grenadines
41174,Ev390,Deal Want,38,2025-04-08,6.06,95,Djibouti
60206,ZT971,Heavy Young,37,2025-03-09,89.99,36,Sweden
74518,tk222,Relate Rest,25,2024-05-06,8.69,19,Latvia
68631,fO618,Soldier Stock,1,2024-09-08,97.13,19,Mongolia
33197,lk219,Employee Community,7,2025-03-21,5.2,43,Tonga
83192,vV726,Medical Service,27,2025-01-29,57.33,57,India
71593,xg535,Loss Plan,21,2024-09-02,50.5,85,Cameroon
85281,Sr381,Organization Spend,43,2024-08-28,88.64,70,Japan
67086,ya162,Agency Book,16,2024-10-28,86.64,94,Grenada
32424,mU524,Require But,11,2024-08-21,39.07,6,Saint Vincent and the Grenadines
79799,Rd072,Sell Sure,22,2025-04-19,55.12,55,Lesotho
28830,Lf975,This Politics,36,2024-08-30,29.88,96,British Indian Ocean Territory (Chagos Archipelago)
78993,xV120,Less Already,33,2024-07-28,54.13,99,Italy
90554,KF434,Laugh Mention,8,2025-05-22,91.3,11,Jersey
28076,hP063,Onto Quickly,46,2025-08-01,90.6,78,Guinea-Bissau
39707,EB741,Simply Rate,39,2025-08-09,2.69,47,Equatorial Guinea
82108,aP284,Develop Bit,21,2024-03-31,72.13,27,Turkmenistan
98038,ok220,Though Behavior,20,2024-12-27,84.13,82,Trinidad and Tobago
69154,at609,Site Television,18,2023-12-21,71.59,83,Cambodia
74986,sp838,Collection Professor,31,2024-05-17,6.38,97,Chad
70034,KQ384,Step Couple,3,2025-07-31,95.53,54,Bhutan
97693,Oo874,Paper Maybe,47,2025-02-21,61.45,13,Luxembourg
28827,aS803,Collection Understand,32,2024-12-26,43.33,58,Jersey
88853,eO362,Cost Idea,44,2024-05-04,20.88,3,Mongolia
52748,zg824,Of Sort,47,2023-10-20,68.63,64,Greenland
55928,oZ995,Feeling Entire,30,2025-04-04,77.43,9,Dominican Republic
77010,XH593,Performance Everybody,4,2025-07-07,30.28,98,Saudi Arabia
37783,vc518,Do Think,17,2025-03-22,44.91,61,Dominica
65437,Pd138,Team Letter,9,2025-05-16,19.13,86,French Guiana
96416,fJ137,Exactly Agent,49,2025-03-06,68.04,70,New Zealand
61591,Rg808,Such Boy,43,2023-11-18,59.38,22,Qatar
41503,yV042,Put Or,47,2025-03-25,21.14,12,Uganda
35944,zv465,Capital Treat,27,2025-05-22,41.06,61,Belgium
24495,yo761,Time Most,40,2023-11-07,90.33,95,Jersey
14441,xY818,Crime There,27,2025-05-18,27.61,45,Mauritania
75793,Oc234,Everybody Lawyer,44,2024-10-30,13.41,13,Greenland
40459,lc944,Read Despite,20,2023-12-17,84.02,58,Rwanda
75953,jl581,Sea Important,32,2025-07-09,63.73,7,Brazil
22183,lR523,Drive Go,35,2024-03-30,75.49,13,Montserrat
67254,Hc674,Sit Heavy,38,2024-08-22,52.93,42,Madagascar
69716,if737,Animal Yes,31,2024-06-09,51.82,47,Holy See (Vatican City State)
97914,fU153,By Beyond,11,2025-04-03,10.04,36,British Indian Ocean Territory (Chagos Archipelago)
73840,lY360,Heavy Worker,10,2024-07-23,61.16,73,Afghanistan
44751,Uf491,Ever Particular,3,2024-06-08,95.71,97,Netherlands Antilles
53178,Kk213,Establish Single,7,2024-03-15,17.57,15,Botswana
35986,Zk773,Method Thought,35,2023-09-03,76.64,71,Spain
46796,oS482,Case American,2,2025-04-03,67.31,73,Togo
85500,VM966,Difference There,44,2023-11-06,86.85,8,Guam
74883,zP527,Instead Professional,2,2024-01-19,22.13,4,Azerbaijan
31405,Sv908,Decide Too,25,2025-03-29,81.34,52,Lebanon
20727,rE406,Rather They,5,2024-06-29,73.4,71,Nicaragua
37946,qG045,Six Accept,20,2024-10-06,81.57,68,French Polynesia
28350,Mw038,Pick Around,6,2024-04-13,87.07,15,Northern Mariana Islands
98048,xr098,Hope Visit,16,2024-09-14,38.82,56,Barbados
23362,dI178,Watch Use,47,2024-09-08,74.96,44,Bermuda
29164,ik652,Tv Quite,43,2023-09-08,35.59,2,Northern Mariana Islands
90565,lK779,Fight By,8,2024-03-18,8.6,97,Azerbaijan
44841,Hs150,Southern Tell,2,2024-05-18,60.54,81,Saint Lucia
91544,Qb164,Prepare Spring,31,2025-05-13,56.18,85,Colombia
51040,MQ699,Official Whatever,23,2023-10-29,31.29,37,Slovakia (Slovak Republic)
52862,HH294,Also Or,29,2024-03-27,71.42,42,Sierra Leone
80483,zg174,Carry Moment,28,2024-03-02,10.38,47,Burkina Faso
61994,iE891,Rich Gas,25,2024-12-19,2.9,45,Gambia
22088,uy290,Probably Mission,27,2025-05-14,14.44,48,Portugal
11272,mZ957,Relate Provide,29,2023-10-03,77.66,68,Ghana
15056,HO755,Increase Experience,49,2024-10-10,7.74,31,Tajikistan
39736,mC582,Structure Space,10,2025-08-10,75.93,89,Ukraine
50418,Ej669,Newspaper Happy,28,2025-03-29,95.88,28,Portugal
45656,QA755,Including Third,23,2024-01-06,14.16,64,Cambodia
79983,fb055,He Important,34,2023-11-23,89.9,12,Luxembourg
50198,vE157,Here Visit,32,2023-10-19,23.13,24,Turks and Caicos Islands
30423,ZA875,Major Note,40,2025-01-28,19.1,79,Germany
62385,hj836,Area Spend,18,2025-05-29,40.98,31,Colombia
76279,HL676,Benefit Evidence,25,2024-12-22,34.62,60,Philippines
98764,LF469,Prove Those,25,2025-02-22,36.98,94,Tuvalu
45999,Gy664,Green Memory,6,2023-11-01,55.26,75,Saudi Arabia
51381,WD660,Skill Agent,37,2025-05-23,64.0,56,Burkina Faso
42388,Mb320,Fall Pressure,44,2024-03-27,10.25,71,Venezuela
32610,uq655,Good Recently,23,2023-10-05,84.36,32,Serbia
79276,AE328,Difference Then,31,2025-01-21,14.09,31,Bosnia and Herzegovina
35804,sT867,Level A,36,2025-04-05,97.26,59,Puerto Rico
37188,cO802,Throw Buy,35,2024-08-29,68.14,67,North Macedonia
96031,hd309,Lot Million,45,2023-08-16,33.05,72,Czech Republic
34351,tI305,Perhaps Food,22,2024-08-19,57.38,54,Saint Martin
40434,KB082,Dinner Purpose,39,2024-09-03,58.81,85,Saint Martin
68592,Cb378,Huge Nice,25,2025-05-06,28.28,54,Grenada
39186,dh576,Majority Artist,45,2025-06-28,63.75,51,Kyrgyz Republic
77853,WG875,Give As,3,2025-06-08,73.28,13,Syrian Arab Republic
51316,tC699,Employee Brother,23,2023-09-19,21.96,78,Solomon Islands
10081,dT471,Own Organization,31,2025-04-05,11.8,21,Mongolia
54107,HX032,Room Probably,48,2024-07-18,1.03,77,Bhutan
65407,OL061,Word Choice,30,2024-07-29,76.83,94,Marshall Islands
75869,on333,Him Carry,3,2024-03-21,15.67,5,Guernsey
26896,iD258,Population Number,48,2025-05-08,26.95,10,Burkina Faso
58459,Wi579,Mention Modern,2,2023-12-20,46.57,3,French Southern Territories
50514,qO910,When Hear,13,2024-02-18,86.14,53,Hungary
34055,LH226,Will Seven,8,2023-10-12,35.81,15,Algeria
76580,rN858,Hospital State,38,2025-03-14,30.13,71,Jersey
66194,pv979,Lay Wear,28,2024-04-22,95.69,65,Ghana
75749,oQ133,Anyone Protect,26,2024-08-18,51.35,49,Lithuania
37521,Bp277,Me Within,6,2025-01-29,57.47,70,Myanmar
90328,nA428,Available Push,46,2024-06-11,93.97,27,Nepal
26299,IL877,Democrat Help,45,2024-05-14,21.72,100,Lithuania
31159,eh395,Increase Without,28,2024-05-19,93.28,86,Bahamas
82970,jy846,Democratic Feeling,1,2025-08-02,43.22,30,Gambia
43757,Ig818,Best Line,12,2025-05-05,65.43,8,Cook Islands
74704,IS079,Difficult Yet,37,2024-05-14,51.23,60,Barbados
12134,wG112,Prove Three,45,2025-07-19,46.69,35,Taiwan
31167,Av602,Business Great,29,2024-07-02,38.34,57,French Guiana
30746,Dk767,Career Film,32,2024-07-06,22.64,74,Saint Pierre and Miquelon
96055,gR533,Well Bit,3,2024-05-22,64.14,20,Bolivia
35364,SP292,Democrat Gun,47,2024-06-25,12.9,1,Yemen
18602,mx067,Agency Small,35,2024-12-01,61.8,23,Russian Federation
46523,Ak976,Discussion Thousand,48,2023-10-19,3.71,82,Canada
83932,Ph243,Ground Provide,1,2024-05-22,26.75,60,Swaziland
86746,RM055,Win Experience,16,2025-07-05,89.31,11,British Virgin Islands
11571,RP927,Line Discover,24,2024-09-07,72.03,99,Brunei Darussalam
97431,Nw039,Learn Third,28,2025-02-06,33.0,30,Moldova
61832,TO091,Course Maybe,11,2024-07-20,34.31,45,Tajikistan
